{"cameraMode":{"drawMode":0,"name":"Shaded","section":"Shading Mode"},"sceneLighting":false,"audioPlay":false,"sceneViewState":{"showFog":true,"showMaterialUpdate":false,"showSkybox":true,"showFlares":true,"showImageEffects":true,"showParticleSystems":true},"in2DMode":false,"pivot":{"x":32.73108673095703,"y":39.800235748291019,"z":-4.362807273864746},"rotation":{"x":-0.33788567781448367,"y":0.2551214396953583,"z":-0.09568771719932556,"w":-0.9008830785751343},"size":57.94035720825195,"orthographic":false}