{"cameraMode":{"drawMode":0,"name":"Shaded","section":"Shading Mode"},"sceneLighting":false,"audioPlay":false,"sceneViewState":{"showFog":true,"showMaterialUpdate":false,"showSkybox":true,"showFlares":true,"showImageEffects":true,"showParticleSystems":true},"in2DMode":false,"pivot":{"x":-39.34222412109375,"y":80.67781829833985,"z":-19.770523071289064},"rotation":{"x":-0.08094275742769242,"y":-0.6035431027412415,"z":0.0617758147418499,"w":-0.7908019423484802},"size":331.4434509277344,"orthographic":false}