{"cameraMode":{"drawMode":0,"name":"Shaded","section":"Shading Mode"},"sceneLighting":false,"audioPlay":false,"sceneViewState":{"showFog":true,"showMaterialUpdate":false,"showSkybox":true,"showFlares":true,"showImageEffects":true,"showParticleSystems":true},"in2DMode":false,"pivot":{"x":11.890289306640625,"y":30.345611572265626,"z":8.7650146484375},"rotation":{"x":-0.293931245803833,"y":0.3125290274620056,"z":-0.102356918156147,"w":-0.8974704146385193},"size":322.67449951171877,"orthographic":false}