{"cameraMode":{"drawMode":0,"name":"Shaded","section":"Shading Mode"},"sceneLighting":false,"audioPlay":false,"sceneViewState":{"showFog":true,"showMaterialUpdate":false,"showSkybox":true,"showFlares":true,"showImageEffects":true,"showParticleSystems":true},"in2DMode":false,"pivot":{"x":-20.033126831054689,"y":1.0700010061264039,"z":12.52679443359375},"rotation":{"x":-0.33788567781448367,"y":0.2551214396953583,"z":-0.09568771719932556,"w":-0.9008830785751343},"size":16.94740104675293,"orthographic":false}