{"cameraMode":{"drawMode":0,"name":"Shaded","section":"Shading Mode"},"sceneLighting":false,"audioPlay":false,"sceneViewState":{"showFog":true,"showMaterialUpdate":false,"showSkybox":true,"showFlares":true,"showImageEffects":true,"showParticleSystems":true},"in2DMode":false,"pivot":{"x":11.126922607421875,"y":48.62713623046875,"z":292.5457458496094},"rotation":{"x":-0.14763851463794709,"y":-0.7080618739128113,"z":0.1553676575422287,"w":-0.6728388667106628},"size":165.92364501953126,"orthographic":false}