{"cameraMode":{"drawMode":0,"name":"Shaded","section":"Shading Mode"},"sceneLighting":false,"audioPlay":false,"sceneViewState":{"showFog":true,"showMaterialUpdate":false,"showSkybox":true,"showFlares":true,"showImageEffects":true,"showParticleSystems":true},"in2DMode":false,"pivot":{"x":-3.5936155319213869,"y":-1.9662513732910157,"z":-20.418081283569337},"rotation":{"x":-0.24141082167625428,"y":0.7399845719337463,"z":-0.3374308943748474,"w":-0.5294185280799866},"size":26.978424072265626,"orthographic":false}