{"cameraMode":{"drawMode":0,"name":"Shaded","section":"Shading Mode"},"sceneLighting":false,"audioPlay":false,"sceneViewState":{"showFog":true,"showMaterialUpdate":false,"showSkybox":true,"showFlares":true,"showImageEffects":true,"showParticleSystems":true},"in2DMode":false,"pivot":{"x":-8.1826171875,"y":17.962249755859376,"z":5.3452911376953129},"rotation":{"x":-0.271442711353302,"y":0.08503948152065277,"z":-0.024085601791739465,"w":-0.9583877325057983},"size":125.59248352050781,"orthographic":false}