{"cameraMode":{"drawMode":0,"name":"Shaded","section":"Shading Mode"},"sceneLighting":false,"audioPlay":false,"sceneViewState":{"showFog":true,"showMaterialUpdate":false,"showSkybox":true,"showFlares":true,"showImageEffects":true,"showParticleSystems":true},"in2DMode":false,"pivot":{"x":36.241905212402347,"y":1.6858062744140626,"z":11.625553131103516},"rotation":{"x":-0.2992757558822632,"y":0.27791860699653628,"z":-0.09158414602279663,"w":-0.9081892371177673},"size":107.57414245605469,"orthographic":false}