{"cameraMode":{"drawMode":0,"name":"Shaded","section":"Shading Mode"},"sceneLighting":false,"audioPlay":false,"sceneViewState":{"showFog":true,"showMaterialUpdate":false,"showSkybox":true,"showFlares":true,"showImageEffects":true,"showParticleSystems":true},"in2DMode":false,"pivot":{"x":134.592529296875,"y":264.9144287109375,"z":119.06523132324219},"rotation":{"x":-0.24185627698898316,"y":0.21245858073234559,"z":-0.054363224655389789,"w":-0.945204496383667},"size":258.9378356933594,"orthographic":false}