{"cameraMode":{"drawMode":0,"name":"Shaded","section":"Shading Mode"},"sceneLighting":false,"audioPlay":false,"sceneViewState":{"showFog":true,"showMaterialUpdate":false,"showSkybox":true,"showFlares":true,"showImageEffects":true,"showParticleSystems":true},"in2DMode":false,"pivot":{"x":-7.699999809265137,"y":14.399999618530274,"z":48.20000076293945},"rotation":{"x":-0.27157658338546755,"y":0.049057163298130038,"z":-0.013862237334251404,"w":-0.9610658288002014},"size":34.62312698364258,"orthographic":false}