{"cameraMode":{"drawMode":0,"name":"Shaded","section":"Shading Mode"},"sceneLighting":false,"audioPlay":false,"sceneViewState":{"showFog":true,"showMaterialUpdate":false,"showSkybox":true,"showFlares":true,"showImageEffects":true,"showParticleSystems":true},"in2DMode":false,"pivot":{"x":158.727783203125,"y":-35.809722900390628,"z":56.31060028076172},"rotation":{"x":-0.2756612002849579,"y":-0.49730366468429568,"z":0.17033953964710236,"w":-0.8047884106636047},"size":702.906005859375,"orthographic":false}