{"cameraMode":{"drawMode":0,"name":"Shaded","section":"Shading Mode"},"sceneLighting":false,"audioPlay":false,"sceneViewState":{"showFog":true,"showMaterialUpdate":false,"showSkybox":true,"showFlares":true,"showImageEffects":true,"showParticleSystems":true},"in2DMode":false,"pivot":{"x":23.66887664794922,"y":-18.38140106201172,"z":26.153217315673829},"rotation":{"x":-0.3453797399997711,"y":-0.32077786326408389,"z":0.12694138288497926,"w":-0.8727544546127319},"size":71.98826599121094,"orthographic":false}