{"cameraMode":{"drawMode":0,"name":"Shaded","section":"Shading Mode"},"sceneLighting":false,"audioPlay":false,"sceneViewState":{"showFog":true,"showMaterialUpdate":false,"showSkybox":true,"showFlares":true,"showImageEffects":true,"showParticleSystems":true},"in2DMode":false,"pivot":{"x":23.248170852661134,"y":8.353226661682129,"z":16.4582576751709},"rotation":{"x":-0.10450533777475357,"y":0.8531094789505005,"z":-0.1874866634607315,"w":-0.47553306818008425},"size":58.83303451538086,"orthographic":false}