{"cameraMode":{"drawMode":0,"name":"Shaded","section":"Shading Mode"},"sceneLighting":false,"audioPlay":false,"sceneViewState":{"showFog":true,"showMaterialUpdate":false,"showSkybox":true,"showFlares":true,"showImageEffects":true,"showParticleSystems":true},"in2DMode":false,"pivot":{"x":-0.07178875803947449,"y":5.642458438873291,"z":7.41726016998291},"rotation":{"x":-0.50651615858078,"y":-0.02174113132059574,"z":0.012775585055351258,"w":-0.8618616461753845},"size":4.570050239562988,"orthographic":false}