{"cameraMode":{"drawMode":0,"name":"Shaded","section":"Shading Mode"},"sceneLighting":false,"audioPlay":false,"sceneViewState":{"showFog":true,"showMaterialUpdate":false,"showSkybox":true,"showFlares":true,"showImageEffects":true,"showParticleSystems":true},"in2DMode":false,"pivot":{"x":16.833221435546876,"y":-54.75007629394531,"z":-30.8502197265625},"rotation":{"x":-0.3790830373764038,"y":-0.2569902241230011,"z":0.11044488847255707,"w":-0.8820737600326538},"size":181.97203063964845,"orthographic":false}