{"cameraMode":{"drawMode":0,"name":"Shaded","section":"Shading Mode"},"sceneLighting":false,"audioPlay":false,"sceneViewState":{"showFog":true,"showMaterialUpdate":false,"showSkybox":true,"showFlares":true,"showImageEffects":true,"showParticleSystems":true},"in2DMode":false,"pivot":{"x":-13.657599449157715,"y":11.100000381469727,"z":5.800000190734863},"rotation":{"x":-0.10536373406648636,"y":-0.7814949154853821,"z":0.13736994564533235,"w":-0.5994112491607666},"size":53.1535530090332,"orthographic":false}