{"cameraMode":{"drawMode":0,"name":"Shaded","section":"Shading Mode"},"sceneLighting":false,"audioPlay":false,"sceneViewState":{"showFog":true,"showMaterialUpdate":false,"showSkybox":true,"showFlares":true,"showImageEffects":true,"showParticleSystems":true},"in2DMode":false,"pivot":{"x":38.180992126464847,"y":-2.276947021484375,"z":-4.321022033691406},"rotation":{"x":0.07557905465364456,"y":-0.9242128729820252,"z":0.25429174304008486,"w":0.27468913793563845},"size":110.3822250366211,"orthographic":false}