{"cameraMode":{"drawMode":0,"name":"Shaded","section":"Shading Mode"},"sceneLighting":false,"audioPlay":false,"sceneViewState":{"showFog":true,"showMaterialUpdate":false,"showSkybox":true,"showFlares":true,"showImageEffects":true,"showParticleSystems":true},"in2DMode":false,"pivot":{"x":-59.36301803588867,"y":121.43502807617188,"z":47.600067138671878},"rotation":{"x":0.3336591422557831,"y":0.6289322972297669,"z":-0.342222660779953,"w":0.6131880283355713},"size":59.673179626464847,"orthographic":false}