{"cameraMode":{"drawMode":0,"name":"Shaded","section":"Shading Mode"},"sceneLighting":false,"audioPlay":false,"sceneViewState":{"showFog":true,"showMaterialUpdate":false,"showSkybox":true,"showFlares":true,"showImageEffects":true,"showParticleSystems":true},"in2DMode":false,"pivot":{"x":0.40000003576278689,"y":49.599998474121097,"z":-60.30000305175781},"rotation":{"x":0.34740182757377627,"y":-0.31559935212135317,"z":0.1254376769065857,"w":0.874056339263916},"size":22.0,"orthographic":false}