{"cameraMode":{"drawMode":0,"name":"Shaded","section":"Shading Mode"},"sceneLighting":false,"audioPlay":false,"sceneViewState":{"showFog":true,"showMaterialUpdate":false,"showSkybox":true,"showFlares":true,"showImageEffects":true,"showParticleSystems":true},"in2DMode":false,"pivot":{"x":-45.03093338012695,"y":-16.523778915405275,"z":26.018661499023439},"rotation":{"x":-0.22360262274742127,"y":0.10384786874055863,"z":-0.023969119414687158,"w":-0.9688358902931213},"size":82.23950958251953,"orthographic":false}