{"cameraMode":{"drawMode":0,"name":"Shaded","section":"Shading Mode"},"sceneLighting":false,"audioPlay":false,"sceneViewState":{"showFog":true,"showMaterialUpdate":false,"showSkybox":true,"showFlares":true,"showImageEffects":true,"showParticleSystems":true},"in2DMode":false,"pivot":{"x":-118.46100616455078,"y":42.5981559753418,"z":-58.82802963256836},"rotation":{"x":-0.05999467149376869,"y":0.821950376033783,"z":-0.08814118802547455,"w":-0.5594903230667114},"size":81.3646240234375,"orthographic":false}