{"cameraMode":{"drawMode":0,"name":"Shaded","section":"Shading Mode"},"sceneLighting":false,"audioPlay":false,"sceneViewState":{"showFog":true,"showMaterialUpdate":false,"showSkybox":true,"showFlares":true,"showImageEffects":true,"showParticleSystems":true},"in2DMode":false,"pivot":{"x":5.9029951095581059,"y":7.835021018981934,"z":-2.009554386138916},"rotation":{"x":-0.2300679236650467,"y":0.4539789855480194,"z":-0.12258638441562653,"w":-0.8520237803459168},"size":2.8578836917877199,"orthographic":false}