{"cameraMode":{"drawMode":0,"name":"Shaded","section":"Shading Mode"},"sceneLighting":false,"audioPlay":false,"sceneViewState":{"showFog":true,"showMaterialUpdate":false,"showSkybox":true,"showFlares":true,"showImageEffects":true,"showParticleSystems":true},"in2DMode":false,"pivot":{"x":22.854236602783204,"y":0.8637990951538086,"z":51.1057243347168},"rotation":{"x":-0.08417782187461853,"y":-0.7574154138565064,"z":0.09965535998344422,"w":-0.6397693157196045},"size":34.756168365478519,"orthographic":false}