{"cameraMode":{"drawMode":0,"name":"Shaded","section":"Shading Mode"},"sceneLighting":false,"audioPlay":false,"sceneViewState":{"showFog":true,"showMaterialUpdate":false,"showSkybox":true,"showFlares":true,"showImageEffects":true,"showParticleSystems":true},"in2DMode":false,"pivot":{"x":24.026397705078126,"y":60.97806167602539,"z":-11.62846565246582},"rotation":{"x":0.41309815645217898,"y":-0.0409637987613678,"z":0.018604345619678499,"w":0.909574568271637},"size":22.0,"orthographic":false}